proof_duration_sec,max_memory,user_cycles
70000,2.9037017822265625,194191
500000,2.9037017822265625,1532295
1000000,2.9037017822265625,5155019
2000000,2.9037017822265625,12195740
3000000,2.9037017822265625,23797973
